Journal,Journal Code
Abacus,ABAC
Academic Emergency Medicine,ACEM
Accounting & Finance,ACFI
Accounting Perspectives,APR
Acta Anaesthesiologica Scandinavica,AAS
Acta Crystallographica Section A: Foundations and Advances,AYA
"Acta Crystallographica Section B: Structural Science, Crystal Engineering and Materials",AYB
Acta Crystallographica Section C: Structural Chemistry,AYC
Acta Crystallographica Section D: Structural Biology,AYD
Acta Geologica Sinica (English Edition),ACGS
Acta Neurologica Scandinavica,ANE
Acta Ophthalmologica,AOS
Acta Paediatrica: Nurturing the Child,APA
Acta Physiologica,APHA
Acta Psychiatrica Scandinavica,ACPS
Acta Zoologica,AZO
Addiction,ADD
Addiction Biology,ADB
Adultspan Journal,ADSP
Advanced Control for Applications,ADC2
Advanced Electronic Materials,AELM
Advanced Energy Materials,AENM
Advanced Engineering Materials,ADEM
Advanced Functional Materials,ADFM
Advanced Healthcare Materials,AHM
Advanced Materials,ADMA
Advanced Materials Interfaces,ADMI
Advanced Materials Technologies,ADMT
Advanced Optical Materials,ADOM
Advanced Quantum Technologies,QUTE
Advanced Sustainable Systems,ADSU
Advanced Synthesis & Catalysis,ADSC
Advanced Theory and Simulations,ADTS
Advanced Therapeutics,ADTP
Advances in Cell and Gene Therapy,ACG2
AEM Education and Training,AET2
African Development Review,AFDR
African Journal of Ecology,AJE
Aggressive Behavior,AB
Agribusiness,AGR
Agricultural and Forest Entomology,AFE
Agricultural Economics,AGEC
AIChE Journal,AIC
Alcoholism: Clinical & Experimental Research,ACER
Alimentary Pharmacology & Therapeutics,APT
Allergy,ALL
Alzheimer's & Dementia,ALZ
American Anthropologist,AMAN
American Business Law Journal,ABLJ
American Ethnologist,AMET
American Journal of Agricultural Economics,AJAE
American Journal of Botany,AJB2
American Journal of Community Psychology,AJCP
American Journal of Hematology,AJH
American Journal of Human Biology,AJHB
American Journal of Industrial Medicine,AJIM
American Journal of Medical Genetics Part A,AJMG
American Journal of Medical Genetics Part B:Neuropsychiatric Genetics,AJMB
American Journal of Medical Genetics Part C:Seminars in Medical Genetics,AJMC
American Journal of Physical Anthropology,AJPA
American Journal of Political Science,AJPS
American Journal of Primatology,AJP
American Journal of Reproductive Immunology,AJI
American Journal of Transplantation,AJT
Anaesthesia,ANAE
Anaesthesia Reports,ANR3
Analyses of Social Issues and Public Policy,ASAP
Analysis & Sensing,ANSE
Analytic Philosophy,PHIB
"Anatomia, Histologia, Embryologia",AHE
Anatomical Sciences Education,ASE
Andrologia,AND
Andrology,ANDR
Angewandte Chemie,ANGE
Angewandte Chemie International Edition,ANIE
Animal Conservation,ACV
Animal Genetics,AGE
Animal Science Journal,ASJ
Annalen der Physik,ANDP
Annals of Anthropological Practice,NAPA
Annals of Applied Biology,AAB
Annals of Human Genetics,AHG
Annals of Neurology,ANA
Annals of Public and Cooperative Economics,APCE
Annals of the New York Academy of Sciences,NYAS
Anthropology & Education Quarterly,AEQ
Anthropology and Humanism,ANHU
Anthropology of Consciousness,ANOC
Anthropology of Work Review,AWR
Anthropology Today,ANTH
Antipode,ANTI
ANZ Journal of Surgery,ANS
AORN Journal,AORN
APMIS,APM
Applied Cognitive Psychology,ACP
Applied Economic Perspectives and Policy,AEPP
Applied Organometallic Chemistry,AOC
Applied Psychology,APPS
Applied Psychology: Health and Well-Being,APHW
Applied Stochastic Models in Business and Industry,ASMB
Applied Vegetation Science,AVSC
Aquaculture Nutrition,ANU
Aquaculture Research,ARE
Aquatic Conservation: Marine and Freshwater Ecosystems,AQC
Arabian Archaeology and Epigraphy,AAE
Archaeological Prospection,ARP
Archaeology in Oceania,ARCO
Archaeometry,ARCM
Archeological Papers of the American Anthropological Association,APAA
Archiv der Pharmazie,ARDP
Archives of Insect Biochemistry and Physiology,ARCH
Area,AREA
Art History,AHIS
Arthritis & Rheumatology,ART
Arthritis Care & Research,ACR
Artificial Organs,AOR
Asia Pacific Journal of Human Resources,APHR
Asia Pacific Viewpoint,APV
Asian Economic Journal,ASEJ
Asian Economic Policy Review,AEPR
Asian Journal of Control,ASJC
Asian Journal of Endoscopic Surgery,ASES
Asian Journal of Organic Chemistry,AJOC
Asian Journal of Social Psychology,AJSP
Asian Politics and Policy,ASPP
Asian Social Work and Policy Review,ASWP
Asian-Pacific Economic Literature,APEL
Asia-Pacific Journal of Chemical Engineering,APJ
Asia-Pacific Journal of Clinical Oncology,AJCO
Asia-Pacific Journal of Financial Studies,AJFS
Asia-Pacific Psychiatry,APPY
Astronomische Nachrichten,ASNA
Austral Ecology,AEC
Austral Entomology,AEN
Australasian Journal of Dermatology,AJD
Australasian Journal of Ultrasound in Medicine,AJUM
Australasian Journal on Ageing,AJAG
Australian & New Zealand Journal of Statistics,ANZS
Australian Accounting Review,AUAR
Australian and New Zealand Journal of Family Therapy,ANZF
Australian and New Zealand Journal of Obstetrics and Gynaecology,AJO
Australian Dental Journal,ADJ
Australian Economic History Review,AEHR
Australian Economic Papers,AEPA
Australian Endodontic Journal,AEJ
Australian Journal of Grape and Wine Research,AJGW
Australian Journal of Politics and History,AJPH
Australian Journal of Public Administration,AUPA
Australian Journal of Rural Health,AJR
Australian Journal of Social Issues,AJS4
Australian Occupational Therapy Journal,AOT
Australian Veterinary Journal,AVJ
Autism Research,AUR
AWWA Water Science,AWS2
Basic & Clinical Pharmacology & Toxicology,BCPT
Basin Research,BRE
Batteries & Supercaps,BATT
Behavioral Interventions,BIN
Behavioral Sciences & the Law,BSL
Berichte zur Wissenschaftsgeschichte,BEWI
Biochemistry and Molecular Biology Education,BMB
Bioelectromagnetics,BEM
BioEssays,BIES
Bioethics,BIOE
BioFactors,BIOF
"Biofuels, Bioproducts and Biorefining",BBB
Biological Reviews,BRV
Biology of the Cell,BOC
Biomedical Chromatography,BMC
Biometrical Journal,BIMJ
Biometrics,BIOM
Biopharmaceutics & Drug Disposition,BDD
Biopolymers,BIP
Biotechnology and Applied Biochemistry,BAB
Biotechnology and Bioengineering,BIT
Biotechnology Journal,BIOT
Biotechnology Progress,BTPR
Biotropica,BTP
Bipolar Disorders,BDI
Birth,BIRT
Birth Defects Research,BDR
BJOG: An International Journal of Obstetrics and Gynaecology,BJO
BJU International,BJU
British Educational Research Journal,BERJ
British Journal of Clinical Pharmacology,BCP
British Journal of Clinical Psychology,BJC
British Journal of Dermatology,BJD
British Journal of Developmental Psychology,BJDP
British Journal of Education Psychology,BJEP
British Journal of Educational Technology,BJET
British Journal of Haematology,BJH
British Journal of Health Psychology,BJHP
British Journal of Industrial Relations,BJIR
British Journal of Learning Disabilities,BLD
British Journal of Management,BJOM
British Journal of Mathematical and Statistical Psychology,BMSP
British Journal of Pharmacology,BPH
British Journal of Psychology,BJOP
British Journal of Psychotherapy,BJP
British Journal of Social Psychology,BJSO
British Journal of Special Education,BJSP
Bulletin of Economic Research,BOER
Bulletin of Latin American Research,BLAR
Bulletin of the Korean Chemical Society,BKCS
Bulletin of the London Mathematical Society,BLMS
Business and Society Review,BASR
Business Ethics: A European Review,BEER
Business Strategy and Development,BSD2
Business Strategy and the Environment,BSE
Canadian Journal of Administrative SciencesRevue Canadienne des Sciences de l'Administration,CJAS
Canadian Journal of Agricultural Economics/Revue canadienne d'agroeconomie,CJAG
Canadian Journal of Economics/Revue canadienne d'économique,CAJE
Canadian Public Administration/AdministrationPublique du Canada,CAPA
Canadian Review of Sociology/Revue canadienne de sociologie,CARS
Cancer,CNCR
Cancer Cytopathology,CNCY
Catheterization and Cardiovascular Interventions,CCD
Cell Biochemistry & Function,CBF
Cell Biology International,CBIN
Cellular Microbiology,CMI
Centaurus,CNT
Cereal Chemistry,CCHE
ChemBioChem,CBIC
ChemBioEng Reviews,CBEN
ChemCatChem,CCTC
ChemElectroChem,CELC
Chemical Biology & Drug Design,CBDD
Chemical Engineering & Technology,CEAT
Chemie-Ingenieur-Technik (CIT),CITE
Chemistry - A European Journal,CHEM
Chemistry - An Asian Journal,ASIA
Chemistry & Biodiversity,CBDV
ChemistrySelect,SLCT
ChemMedChem,CMDC
CHEMNANOMAT,CNMA
ChemPhotoChem,CPTC
ChemPhysChem,CPHC
ChemPlusChem,CPLU
ChemSusChem,CSSC
ChemSystemsChem,E570
Child & Family Social Work,CFS
Child Abuse Review,CAR
Child and Adolescent Mental Health,CAMH
Child Development,CDEV
Child Development Perspectives,CDEP
"Child: Care, Health and Development",CCH
Children & Society,CHSO
China & World Economy,CWE
Chinese Journal of Chemistry,CJOC
Chirality,CHIR
City & Society,CISO
Civil Engineering Design,CEND
Cladistics,CLA
"CLEAN – Soil, Air, Water",CLEN
Clinical & Experimental Allergy,CEA
Clinical & Experimental Ophthalmology,CEO
Clinical Advances in Periodontics,CAP
Clinical Anatomy,CA
Clinical and Experimental Dermatology,CED
Clinical and Experimental Neuroimmunology,CEN3
Clinical and Experimental Pharmacology and Physiology,CEP
Clinical Endocrinology,CEN
Clinical Genetics,CGE
Clinical Implant Dentistry and Related Research,CID
Clinical Obesity,COB
Clinical Oral Implants Research,CLR
Clinical Otolaryngology,COA
Clinical Pharmacology & Therapeutics,CPT
Clinical Pharmacology in Drug Development,CPDD
Clinical Physiology and Functional Imaging,CPF
Clinical Psychology & Psychotherapy,CPP
Clinical Transplantation,CTR
Cochrane Library,TCL
Cognitive Science - A Multidisciplinary Journal,COGS
Color Research and Application,COL
Coloration Technology,COTE
Colorectal Disease,CODI
Communications on Pure and Applied Mathematics,CPA
Community Dentistry and Oral Epidemiology,CDOE
Computational and Mathematical Methods,CMM4
Computational Intelligence,COIN
Computer Animation & Virtual Worlds,CAV
Computer Applications In Engineering Education,CAE
Computer Graphics Forum,CGF
Computer-Aided Civil and Infrastructure Engineering,MICE
Concurrency and Computation: Practice and Experience,CPE
Conflict Resolution Quarterly,CRQ
Congenital Anomalies,CGA
Conservation Biology,COBI
Constellations,CONS
Consumer Psychology Review,ARCP
Contact Dermatitis,COD
Contemporary Accounting Research,CARE
Contemporary Economic Policy,COEP
Contributions to Plasma Physics,CTPP
Corporate Governance: An International Review,CORG
Corporate Social Responsibility and EnvironmentalManagement,CSR
Counseling and Values,CVJ
Counselling and Psychotherapy Research,CAPR
Counselor Education and Supervision,CEAS
Creativity and Innovation Management,CAIM
Criminal Behaviour and Mental Health,CBM
Criminology,CRIM
Criminology and Public Policy,CAPP
Critical Quarterly,CRIQ
"Crop, Forage & Turfgrass Management",CFT2
Crystal Research & Technology,CRAT
"Culture, Agriculture, Food and Environment",CUAG
Curator: The Museum Journal,CURA
Current Protocols Essential Laboratory Techniques,CPET
Current Protocols in Bioinformatics,CPBI
Current Protocols in Cell Biology,CPCB
Current Protocols in Chemical Biology,CPCH
Current Protocols in Cytometry,CPCY
Current Protocols in Human Genetics,CPHG
Current Protocols in Immunology,CPIM
Current Protocols in Microbiology,CPMC
Current Protocols in Molecular Biology,CPMB
Current Protocols in Mouse Biology,CPMO
Current Protocols in Neuroscience,CPNS
Current Protocols in Nucleic Acid Chemistry,CPNC
Current Protocols in Pharmacology,CPPH
Current Protocols in Plant Biology,CPPB
Current Protocols in Protein Science,CPPS
Current Protocols in Stem Cell Biology,CPSC
Current Protocols in Toxicology,CPTX
Curtis's Botanical Magazine,CURT
Cytometry Part A,CYTB
Cytometry Part B: Clinical Cytometry,CYTO
Cytopathology,CYT
Cytoskeleton,CM
Decision Sciences,DECI
Decision Sciences Journal of Innovative Education,DSJI
Dental Traumatology,EDT
Depression and Anxiety,DA
Dermatologic Therapy,DTH
Dermatological Reviews,DER2
Design Management Journal,DMJ
Design Management Review,DREV
Developing World Bioethics,DEWB
Development and Change,DECH
Development Policy Review,DPR
"Development, Growth & Differentiation",DGD
Developmental Dynamics,DVDY
Developmental Medicine & Child Neurology,DMCN
Developmental Neurobiology,DNEU
Developmental Psychobiology,DEV
Developmental Science,DESC
"Diabetes, Obesity and Metabolism",DOM
Diabetes/Metabolism Research and Reviews,DMRR
Diabetic Medicine,DME
Diagnostic Cytopathology,DC
Dialog,DIAL
Die Unterrichtspraxis/Teaching German,TGER
Digest of Middle East Studies,DOME
Digestive Endoscopy,DEN
Disasters,DISA
Drug and Alcohol Review,DAR
Drug Development Research,DDR
Drug Testing and Analysis,DTA
Dyslexia,DYS
Early Intervention in Psychiatry,EIP
Early Medieval Europe,EMED
Earth Surface Processes and Landforms,ESP
Earthquake Engineering & Structural Dynamics,EQE
Echocardiography,ECHO
Ecohydrology,ECO
Ecological Applications,EAP
Ecological Entomology,EEN
Ecological Management & Restoration,EMR
Ecological Monographs,ECM
Ecological Research,ERE
Ecology,ECY
Ecology Letters,ELE
Ecology of Freshwater Fish,EFF
Econometrica,ECTA
Economica,ECCA
Economic Affairs,ECAF
Economic Anthropology,SEA2
Economic Inquiry,ECIN
Economic Notes,ECNO
Economic Papers,ECPA
Economic Record,ECOR
Economics & Politics,ECPO
Economics of Transition and Institutional Change,ECOT
Educational Theory,EDTH
Electrical Engineering in Japan,EEJ
Electroanalysis,ELAN
Electronics and Communications in Japan,ECJ
ELECTROPHORESIS,ELPS
EMBO Reports,EMBR
Emergency Medicine Australasia,EMM
Energy Storage,EST2
Energy Technology,ENTE
Entomologia Experimentalis et Applicata,EEA
Entomological Research,ENR
Entomological Science,ENS
Environmental and Molecular Mutagenesis,EM
Environmental Microbiology,EMI
Environmental Microbiology Reports,EMI4
Environmental Policy and Governance,EET
Environmental Progress & Sustainable Energy,EP
Environmental Quality Management,TQEM
Environmental Toxicology,TOX
Environmental Toxicology and Chemistry,ETC
Environmetrics,ENV
Epilepsia,EPI
EPPO Bulletin,EPP
Equine Veterinary Education,EVE
Equine Veterinary Journal,EVJ
Ethics & Human Research,EAHR
Ethology,ETH
Ethos,ETHO
EuroChoices,EUCH
European Eating Disorders Review,ERV
European Financial Management,EUFM
European Journal of Cancer Care,ECC
European Journal of Clinical Investigation,ECI
European Journal of Dental Education,EJE
European Journal of Education,EJED
European Journal of Haematology,EJH
European Journal of Heart Failure,EJHF
European Journal of Immunology,EJI
European Journal of Inorganic Chemistry,EJIC
European Journal of Lipid Science and Technology,EJLT
European Journal of Neurology,ENE
European Journal of Neuroscience,EJN
European Journal of Oral Sciences,EOS
European Journal of Organic Chemistry,EJOC
European Journal of Pain,EJP
European Journal of Philosophy,EJOP
European Journal of Political Research,EJPR
European Journal of Political Research Political Data Yearbook,EPDY
European Journal of Social Psychology,EJSP
European Journal of Soil Science,EJSS
European Law Journal,EULJ
European Management Review,EMRE
European Policy Analysis,EPA2
Evolution,EVO
Evolution & Development,EDE
Evolutionary Anthropology,EVAN
Experimental Dermatology,EXD
Experimental Physiology,EPH
Expert Systems,EXSY
Family & Consumer Sciences Research Journal,FCSR
Family Court Review,FCRE
Family Process,FAMP
Family Relations,FARE
Fatigue & Fracture of Engineering Materials & Structures,FFE
FEBS Letters,FEB2
Feddes Repertorium,FEDR
Feminist Anthropology,FEA2
Financial Accountability & Management,FAAM
Financial Management,FIMA
"Financial Markets, Institutions & Instruments",FMII
Financial Planning Review,CFP2
Fire and Materials,FAM
Fiscal Studies,FISC
Fish and Fisheries,FAF
Fisheries,FSH
Fisheries Management and Ecology,FME
Fisheries Oceanography,FOG
Flavour and Fragrance Journal,FFJ
Foreign Language Annals,FLAN
Forest Pathology,EFP
Fortschritte der Physik,PROP
Freshwater Biology,FWB
Frontiers in Ecology and the Environment,FEE
Fuel Cells,FUCE
Functional Ecology,FEC
Fundamental & Clinical Pharmacology,FCP
Futures & Foresight Science,FFO2
GAMM - Mitteilungen,GAMM
GastroHep,YGH2
Gender & History,GEND
"Gender, Work & Organisation",GWAO
General Anthropology,GENA
Genes to Cells,GTC
"Genes, Chromosomes and Cancer",GCC
Genesis: The Journal of Genetics and Development,DVG
Genetic Epidemiology,GEPI
Geoarchaeology,GEA
Geobiology,GBI
Geographical Analysis,GEAN
Geographical Research,GEOR
Geography Compass (Electronic),GEC3
Geological Journal,GJ
Geophysical Prospecting,GPR
Geophysical Research Letters,GRL
Geostandards & Geoanalytical Research,GGR
Geriatrics & Gerontology International,GGI
German Life and Letters,GLAL
Gerodontology,GER
Glia,GLIA
Global Biogeochemical Cycles,GBC
Global Business and Organizational Excellence,JOE
Global Change Biology,GCB
Global Ecology and Biogeography,GEB
Global Networks,GLOB
Global Policy,GPOL
Global Strategy Journal,GSJ
Governance,GOVE
Grass and Forage Science,GFS
Grassland Science,GRS
Greenhouse Gases: Science and Technology,GHG
Groundwater,GWAT
Groundwater Monitoring & Remediation,GWMR
Growth and Change,GROW
Haemophilia,HAE
Hastings Center Report,HAST
Head & Neck,HED
Headache: The Journal of Head and Face Pain,HEAD
Health and Social Care in the Community,HSC
Health Economics,HEC
Health Information and Libraries Journal,HIR
Health Promotion Journal of Australia,HPJA
Health Services Research,HESR
Heat Transfer - Asian Research,HTJ
Helicobacter,HEL
Helvetica Chimica Acta,HLCA
Hematological Oncology,HON
Hemodialysis International,HDI
Hepatology,HEP
Hepatology Research,HEPR
Higher Education Quarterly,HEQU
Hippocampus,HIPO
Histopathology,HIS
History,HIST
History and Theory,HITH
History Compass,HIC3
HIV Medicine,HIV
HLA: Immune Response Genetics,TAN
Human Behavior and Emerging Technologies,HBE2
Human Factors and Ergonomics in Manufacturing & Service Industries,HFM
Human Mutation,HUMU
Human Psychopharmacology: Clinical and Experimental,HUP
Human Resource Development Quarterly,HRDQ
Human Resource Management,HRM
Human Resource Management Journal,HRMJ
Hydrological Processes,HYP
Ibis,IBI
Immunological Reviews,IMR
Immunology,IMM
Immunology & Cell Biology,IMCB
Indoor Air,INA
Industrial Relations,IREL
Industrial Relations Journal,IRJ
Infancy,INFA
Infant and Child Development,ICD
Infant Mental Health Journal,IMHJ
Information Systems Journal,ISJ
Insect Conservation and Diversity,ICAD
Insect Molecular Biology,IMB
Insect Science,INS
Integrated Environmental Assessment and Management,IEAM
Integrative Zoology,INZ2
"Intelligent Systems in Accounting, Finance and Management",ISAF
Internal Medicine Journal,IMJ
International Economic Review,IERE
International Endodontic Journal,IEJ
International Finance,INFI
International Forum of Allergy & Rhinology,ALR
International Insolvency Review,IIR
International Journal for Numerical and Analytical Methods in Geomechanics,NAG
International Journal for Numerical Methods in Biomedical Engineering,CNM
International Journal for Numerical Methods in Engineering,NME
International Journal for Numerical Methods in Fluids,FLD
International Journal of Adaptive Control and Signal Processing,ACS
International Journal of Applied Ceramic Technology,IJAC
International Journal of Applied Glass Science,IJAG
International Journal of Applied Linguistics,IJAL
International Journal of Applied Psychoanalytic Studies,APS
International Journal of Art & Design Education,JADE
International Journal of Auditing,IJAU
International Journal of Cancer,IJC
International Journal of Chemical Kinetics,KIN
International Journal of Circuit Theory & Applications,CTA
International Journal of Climatology,JOC
International Journal of Clinical Practice,IJCP
International Journal of Communication Systems,DAC
International Journal of Consumer Studies,IJCS
International Journal of Cosmetic Science,ICS
International Journal of Dairy Technology,IDT
International Journal of Dental Hygiene,IDH
International Journal of Dermatology,IJD
International Journal of Developmental Neuroscience,JDN
International Journal of Eating Disorders,EAT
International Journal of Economic Theory,IJET
International Journal of Energy Research,ER
International Journal of Experimental Pathology,IEP
International Journal of Finance & Economics,IJFE
International Journal of Food Science & Technology,IJFS
International Journal of Geriatric Psychiatry,GPS
International Journal of Gynecology &Obstetrics,IJGO
International Journal of Imaging Systems and Technology,IMA
International Journal of Immunogenetics,IJI
International Journal of Intelligent Systems,INT
International Journal of Japanese Sociology,IJJS
International Journal of Laboratory Hematology,IJLH
International Journal of Language & CommunicationDisorders,JLCD
International Journal of Management Reviews,IJMR
International Journal of Mental Health Nursing,INM
International Journal of Network Management,NEM
International Journal of Nonprofit and Voluntary Sector Marketing,NVSM
"International Journal of Numerical Modelling: Electronic Networks, Devices and Fields",JNM
International Journal of Nursing Knowledge,IJNT
International Journal of Nursing Practice,IJN
International Journal of Older People Nursing,OPN
International Journal of Osteoarchaeology,OA
International Journal of Paediatric Dentistry,IPD
International Journal of Psychology,IJOP
International Journal of Quantum Chemistry,QUA
International Journal of RF and Microwave Computer-Aided Engineering,MMCE
International Journal of Rheumatic Diseases,APL
International Journal of Robust and Nonlinear Control,RNC
International Journal of Satellite Communications and Networking,SAT
International Journal of Selection and Assessment,IJSA
International Journal of Social Welfare,IJSW
International Journal of Systematic Theology,IJST
International Journal of Tourism Research,JTR
International Journal of Training and Development,IJTD
International Journal of Urban and Regional Research,IJUR
International Journal of Urological Nursing,IJUN
International Journal of Urology,IJU
International Labour Review,ILR
International Migration,IMIG
International Nursing Review,INR
International Review of Finance,IRFI
International Review of Hydrobiology,IROH
International Review of Mission,IROM
International Social Science Journal,ISSJ
International Social Security Review,ISSR
International Statistical Review,INSR
International Transactions in Operational Research,ITOR
International Transactions on Electrical Energy Systems,ETEP
Internet Technology Letters,ITL2
Invertebrate Biology,IVB
IPPR Progressive Review,NEWE
Irrigation and Drainage,IRD
ISBT Science Series,VOXS
Island Arc,IAR
Israel Journal of Chemistry,2525
IUBMB Life,IUB
JACCP:  Journal of the American College of Clinical Pharmacy,JAC5
Japan Journal of Nursing Science,JJNS
JCMS: Journal of Common Market Studies,JCMS
Journal AWWA,AWWA
Journal der Deutschen Dermatologischen Gesellschaft,DDG
Journal For Eighteenth-Century Studies,JECS
Journal for Specialists In Pediatric Nursing,JSPN
Journal for the Anthropology of North America,NAD2
Journal for the Scientific Study of Religion,JSSR
Journal for the Theory of Social Behaviour,JTSB
Journal of Accounting Research,JOAR
Journal of Addictions & Offender Counseling,JAOC
Journal of Adolescent & Adult Literacy,JAAL
Journal of Advanced Manufacturing and Processing,AMP2
Journal of Advanced Nursing,JAN
Journal of Agrarian Change,JOAC
Journal of Agricultural Economics,JAGE
Journal of Agronomy and Crop Science,JAC
Journal of American Geriatrics Society,JGS
Journal of Analytical Psychology,JOAP
Journal of Anatomy,JOA
Journal of Animal Breeding and Genetics,JBG
Journal of Animal Ecology,JANE
Journal of Animal Physiology and Animal Nutrition,JPN
Journal of Applied Behavior Analysis,JABA
Journal of Applied Corporate Finance,JACF
Journal of Applied Crystallography,JCR
Journal of Applied Ecology,JPE
Journal of Applied Econometrics,JAE
Journal of Applied Entomology,JEN
Journal of Applied Ichthyology,JAI
Journal of Applied Microbiology,JAM
Journal of Applied Philosophy,JAPP
Journal of Applied Polymer Science,APP
Journal of Applied Research in Intellectual Disabilities,JAR
Journal of Applied Social Psychology,JASP
Journal of Applied Toxicology,JAT
Journal of Aquatic Animal Health,AAH
Journal of Avian Biology,JAV
Journal of Basic Microbiology,JOBM
Journal of Behavioral Decision Making,BDM
Journal of Biochemical and Molecular Toxicology,JBT
Journal of Biogeography,JBI
Journal of Biomedical Materials Research Part A,JBM
Journal of Biomedical Materials Research Part B: Applied Biomaterials,JBMB
Journal of Biophotonics,JBIO
Journal of Bone and Mineral Research,JBMR
Journal of Business Finance & Accounting,JBFA
Journal of Business Logistics,JBL
Journal of Cardiac Surgery,JOCS
Journal of Cardiovascular Electrophysiology,JCE
Journal of Cellular Biochemistry,JCB
Journal of Cellular Physiology,JCP
Journal of Chemical Technology and Biotechnology,JCTB
Journal of Chemometrics,CEM
Journal of Child and Adolescent Psychiatric Nursing,JCAP
Journal of Child Psychology and Psychiatry,JCPP
Journal of Clinical Apheresis,JCA
Journal of Clinical Nursing,JOCN
Journal of Clinical Periodontology,JCPE
Journal of Clinical Pharmacology,JCPH
Journal of Clinical Pharmacy and Therapeutics,JCPT
Journal of Clinical Psychology,JCLP
Journal of Clinical Ultrasound,JCU
Journal of College Counseling,JOCC
Journal of Combinatorial Designs,JCD
Journal of Community & Applied Social Psychology,CASP
Journal of Community Psychology,JCOP
Journal of Computational Chemistry,JCC
Journal of Computer Assisted Learning,JCAL
Journal of Consumer Affairs,JOCA
Journal of Consumer Behaviour,CB
Journal of Consumer Psychology,JCPY
Journal of Contingencies and Crisis Management,JCCM
Journal of Corporate Accounting & Finance,JCAF
Journal of Cosmetic Dermatology,JOCD
Journal of Counseling & Development,JCAD
Journal of Cutaneous Pathology,CUP
Journal of Dental Education,JDD
Journal of Diabetes,JDB
Journal of Digestive Diseases,CDD
Journal of Ecology,JEC
Journal of Economic Surveys,JOES
Journal of Economics & Management Strategy,JEMS
Journal of Empirical Legal Studies,JELS
Journal of Employment Counseling,JOEC
Journal of Engineering Education,JEE
Journal of Esthetic and Restorative Dentistry,JERD
Journal of Eukaryotic Microbiology,JEU
Journal of Evaluation in Clinical Practice,JEP
Journal of Evidence-Based Medicine,JEBM
Journal of Evolutionary Biology,JEB
Journal of Experimental Zoology Part A: Ecological Genetics and Physiology,JEZ
Journal of Experimental Zoology Part B Molecular and Developmental Evolution,JEZ.B
Journal of Family Theory & Review,JFTR
Journal of Family Therapy,JOFT
Journal of Field Ornithology,JOFO
Journal of Field Robotics,ROB
Journal of Fish Biology,JFB
Journal of Fish Diseases,JFD
Journal of Food Biochemistry,JFBC
Journal of Food Process Engineering,JFPE
Journal of Food Processing and Preservation,JFPP
Journal of Food Safety,JFS
Journal of Food Science,JFDS
Journal of Forecasting,FOR
Journal of Forensic Sciences,JFO
Journal of Gastroenterology and Hepatology,JGH
Journal of Genetic Counseling,JGC4
Journal of Geophysical Research: Atmospheres,JGRD
Journal of Geophysical Research: Biogeosciences,JGRG
Journal of Geophysical Research: Earth Surface,JGRF
Journal of Geophysical Research: Oceans,JGRC
Journal of Geophysical Research: Planets,JGRE
Journal of Geophysical Research: Solid Earth,JGRB
Journal of Geophysical Research: Space Physics,JGRA
Journal of Graph Theory,JGT
Journal of Healthcare Risk Management,JHRM
Journal of Hepato-Biliary-Pancreatic Sciences,JHBP
Journal of Heterocyclic Chemistry,JHET
Journal of Historical Sociology,JOHS
Journal of Human Nutrition and Dietetics,JHN
Journal of Industrial Ecology,JIEC
Journal of Inherited Metabolic Disease,JIMD
Journal of Integrative Plant Biology,JIPB
Journal of Intellectual Disability Research,JIR
Journal of Interior Design,JOID
Journal of Internal Medicine,JOIM
Journal of International Development,JID
Journal of International Financial Management & Accounting,JIFM
Journal of Investigative Psychology and Offender Profiling,JIP
Journal of Labelled Compounds and Radiopharmaceuticals,JLCR
Journal of Latin American & Caribbean Anthropology,JLCA
Journal of Law and Society,JOLS
Journal of Leadership Studies,JLS
Journal of Legal Studies Education,JLSE
Journal of Leukocyte Biology,JLB
Journal of Linguistic Anthropology,JOLA
Journal of Magnetic Resonance Imaging,JMRI
Journal of Management Studies,JOMS
Journal of Marital and Family Therapy,JMFT
Journal of Marriage and Family,JOMF
Journal of Mass Spectrometry,JMS
Journal of Medical Imaging and Radiation Oncology,ARA
Journal of Medical Primatology,JMP
Journal of Medical Virology,JMV
Journal of Metamorphic Geology,JMG
Journal of Microscopy,JMI
Journal of Midwifery & Women's Health,JMWH
Journal of Molecular Recognition,JMR
"Journal of Money, Credit and Banking",JMCB
Journal of Morphology,JMOR
Journal of Multi-Criteria Decision Analysis,MCDA
Journal of Multicultural Counseling and Development,JMCD
Journal of Neurochemistry,JNC
Journal of Neuroendocrinology,JNE
Journal of Neuroimaging,JON
Journal of Neuropsychology,JNP
Journal of Neuroscience Research,JNR
Journal of Nursing Management,JONM
Journal of Nursing Scholarship,JNU
Journal of Obstetrics and Gynaecology Research,JOG
Journal of Occupational and Organizational Psychology,JOOP
Journal of Operations Management,JOOM
Journal of Oral Pathology & Medicine,JOP
Journal of Oral Rehabilitation,JOOR
Journal of Organizational Behavior,JOB
Journal of Orthopaedic Research ®,JOR
Journal of Paediatrics and Child Health,JPC
Journal of Parenteral and Enteral Nutrition,JPEN
Journal of Peptide Science,PSC
Journal of Periodontal Research,JRE
Journal of Periodontology,JPER
Journal of Personality,JOPY
Journal of Petroleum Geology,JPG
Journal of Pharmacy Practice and Research,JPPR
Journal of Philosophy of Education,JOPE
Journal of Phycology,JPY
Journal of Physical Organic Chemistry,POC
Journal of Phytopathology,JPH
Journal of Pineal Research,JPI
Journal of Plant Nutrition and Soil Science,JPLN
Journal of Policy Analysis and Management,PAM
Journal of Policy and Practice In Intellectual Disabilities,JPPI
Journal of Polymer Science,POL
Journal of Product Innovation Management,JPIM
Journal of Prosthodontics,JOPR
Journal of Psychiatric and Mental Health Nursing,JPM
Journal of Public Affairs,PA
Journal of Public Economic Theory,JPET
Journal of Public Health Dentistry,JPHD
Journal of Quaternary Science,JQS
Journal of Raman Spectroscopy,JRS
Journal Of Regional Science,JORS
Journal of Religious Ethics,JORE
Journal of Religious History,JORH
Journal of Renal Care,JORC
Journal of Research in Reading,JRIR
Journal of Research in Science Teaching,TEA
Journal of Research in Special Educational Needs,JRS3
Journal of Research On Adolescence,JORA
Journal of Risk and Insurance,JORI
Journal of School Health,JOSH
Journal of Sensory Studies,JOSS
Journal of Separation Science,JSSC
Journal of Sleep Research,JSR
Journal of Small Animal Practice,JSAP
Journal of Social Issues,JOSI
Journal of Social Philosophy,JOSP
Journal of Sociolinguistics,JOSL
Journal of Software: Evolution and Process,SMR
Journal of Supreme Court History,JSCH
Journal of Supply Chain Management,JSCM
Journal of Surfactants and Detergents,JSDE
Journal of Surgical Oncology,JSO
Journal of Synchrotron Radiation,JSY
Journal of Systematics and Evolution,JSE
Journal of Texture Studies,JTXS
Journal of the American Ceramic Society,JACE
Journal of The American Oil Chemists' Society,AOCS
Journal of the American Water Resources Association,JAWR
Journal of the Association for Information Science and Technology,ASI
Journal of the Chinese Chemical Society,JCCS
Journal of the European Academy of Dermatology and Venereology,JDV
Journal of the Experimental Analysis of Behavior,JEAB
Journal of the History of the Behavioral Sciences,JHBS
Journal of the Institute of Brewing,JIB
Journal of the London Mathematical Society,JLMS
Journal of the Peripheral Nervous System,JNS
Journal of the Royal Anthropological Institute,JRAI
Journal of the Royal Statistical Society: Series A (Statistics in Society),RSSA
Journal of the Royal Statistical Society: Series B (Statistical Methodology),RSSB
Journal of the Royal Statistical Society: Series C (Applied Statistics),RSSC
Journal of the Science of Food and Agriculture,JSFA
Journal of the Society for Information Display,JSID
Journal of Theoretical Social Psychology,JTS5
Journal of Thrombosis and Haemostasis,JTH
Journal of Time Series Analysis,JTSA
Journal of Tissue Engineering and Regenerative Medicine,TERM
Journal of Topology,TOPO
Journal of Traumatic Stress,JTS
Journal of Ultrasound in Medicine,JUM
Journal of Vegetation Science,JVS
Journal of Veterinary Emergency and Critical Care,VEC
Journal of Veterinary Pharmacology and Therapeutics,JVP
Journal of Vinyl & Additive Technology,VNL
Journal of Viral Hepatitis,JVH
Journal of Zoological Systematics and Evolutionary Research,JZS
Journal of Zoology,JZO
Juvenile and Family Court Journal,JFCJ
Knowledge and Process Management,KPM
Kyklos,KYKL
LABOUR,LABR
"Lakes & Reservoirs: Science, Policy and Management for Sustainable Use",LRE
Land Degradation and Development,LDR
Language & Linguistics Compass,LNC3
Language Learning,LANG
Laser & Photonics Reviews,LPOR
Lasers in Surgery and Medicine,LSM
Latin American Policy,LAMP
Law & Policy,LAPO
Law & Society Review,LASR
Learned Publishing,LEAP
Learning Disabilities Research & Practice,LDRP
Legal and Criminological Psychology,LCRP
Legislative Studies Quarterly,LSQ
Lethaia,LET
Letters In Applied Microbiology,LAM
Limnology and Oceanography,LNO
Limnology and Oceanography Bulletin,LOB
Limnology and Oceanography: Methods,LOM3
Lipids,LIPD
Literacy,LIT
Literature Compass,LIC3
Liver International,LIV
Liver Transplantation,LT
Lubrication Science,LS
Luminescence: The Journal of Biological and Chemical Luminescence,BIO
LUTS,LUTS
Macromolecular Bioscience,MABI
Macromolecular Chemistry and Physics,MACP
Macromolecular Materials and Engineering,MAME
Macromolecular Rapid Communications,MARC
Macromolecular Reaction Engineering,MREN
Macromolecular Symposia,MASY
Macromolecular Theory and Simulations,MATS
Magnetic Resonance in Chemistry,MRC
Magnetic Resonance in Medicine,MRM
Mammal Review,MAM
Managerial and Decision Economics,MDE
Marine Ecology,MAEC
Marine Mammal Science,MMS
Mass Spectrometry Reviews,MAS
Material Design & Processing Communications,MDP2
Materials and Corrosion,MACO
Materialwissenschaft und Werkstofftechnik,MAWE
Mathematical Finance,MAFI
Mathematical Logic Quarterly,MALQ
Mathematical Methods in the Applied Sciences,MMA
Mathematische Nachrichten,MANA
Mathematika,MTK
Medical and Veterinary Entomology,MVE
Medical Anthropology Quarterly,MAQ
Medical Devices & Sensors,MDS3
Medical Education,MEDU
Medical Journal of Australia,MJA2
Medical Physics,MP
Medicinal Research Reviews,MED
Metaphilosophy,META
Meteoritics & Planetary Science,MAPS
Methods in Ecology and Evolution,MEE3
Metroeconomica,MECA
Microbiology and Immunology,MIM
Microcirculation,MICC
Microscopy Research and Technique,JEMT
Microsurgery,MICR
Microwave and Optical Technology Letters,MOP
Middle East Policy,MEPO
Milton Quarterly,MILT
Mind & Language,MILA
"Mind, Brain, and Education",MBE
Modern Law Review,MLR
Modern Theology,MOTH
Molecular Carcinogenesis,MC
Molecular Ecology,MEC
Molecular Ecology Resources,MEN
Molecular Informatics,MINF
Molecular Microbiology,MMI
Molecular Nutrition & Food Research,MNFR
Molecular Oral Microbiology,OMI
Molecular Reproduction & Development,MRD
Monographs of the Society for Research in Child Development,MONO
Movement Disorders,MDS
Movement Disorders Clinical Practice(Electronic),MDC3
Muscle & Nerve,MUS
Musculoskeletal Care,MSC
Museum Anthropology,MUAN
Music Analysis,MUSA
Mycoses,MYC
Nations and Nationalism,NANA
Natural Resources Forum,NARF
Natural Sciences Education,NSE2
Naval Research Logistics,NAV
Navigation,NAVI
Near Surface Geophysics,NSG
Negotiation Journal,NEJO
Nephrology,NEP
Networks,NET
Neurogastroenterology & Motility,NMO
Neurology and Clinical Neuroscience,NCN3
Neuromodulation,NER
Neuropathology,NEUP
Neuropathology and Applied Neurobiology,NAN
Neurourology and Urodynamics,NAU
New Blackfriars,NBFR
New Directions for Adult and Continuing Education,ACE
New Directions for Child and Adolescent Development,CAD
New Directions for Community Colleges,CC
New Directions for Evaluation,EV
New Directions for Higher Education,HE
New Directions for Institutional Research,IR
New Directions for Student Leadership,YD
New Directions for Student Services,SS
New Directions for Teaching and Learning,TL
New Phytologist,NPH
"New Technology, Work and Employment",NTWE
New Zealand Geographer,NZG
NMR in Biomedicine,NBM
Nordic Journal of Botany,NJB
North American Journal of Aquaculture,NAAQ
Nonprofit Management and Leadership,NML
North American Journal of Fisheries Management,NAFM
Noûs,NOUS
Numerical Linear Algebra With Applications,NLA
Numerical Methods for Partial Differential Equations,NUM
Nursing & Health Sciences,NHS
Nursing Forum,NUF
Nursing In Critical Care,NICC
Nursing Inquiry,NIN
Nursing Philosophy,NUP
Nutrition & Dietetics,NDI
Nutrition Bulletin,NBU
Nutrition in Clinical Practice,NCP
Obesity,OBY
Obesity Reviews,OBR
Oceania,OCEA
Oikos,OIK
OPEC Energy Review,OPEC
Ophthalmic and Physiological Optics,OPO
Optimal Control Applications and Methods,OCA
Oral Diseases,ODI
Oral Science International,OSI2
Oral Surgery,ORS
Orbis Litterarum,OLI
Orthodontics & Craniofacial Research,OCR
Oxford Bulletin of Economics and Statistics,OBES
Oxford Journal of Archaeology,OJOA
Pacific Economic Review,PAER
Pacific Focus,PAFO
Pacific Philosophical Quarterly,PAPQ
Pacing and Clinical Electrophysiology,PACE
Packaging Technology and Science,PTS
Paediatric and Perinatal Epidemiology,PPE
Pain Practice,PAPR
Palaeontology,PALA
Paleoceanography and Paleoclimatology,PALO
Papers in Palaeontology,SPP2
Papers In Regional Science,PIRS
Parasite Immunology,PIM
Parliamentary History,PARH
Particle & Particle Systems Characterization,PPSC
Pathology International,PIN
Peace & Change,PECH
Pediatric Allergy and Immunology,PAI
Pediatric Anesthesia,PAN
Pediatric Blood & Cancer,MPO
Pediatric Dermatology,PDE
Pediatric Diabetes,PEDI
Pediatric Obesity,IJPO
Pediatric Pulmonology,PPUL
Pediatric Transplantation,PETR
Pediatrics International,PED
Peptide Science,PEP2
Performance Improvement,PFI
Performance Improvement Quarterly,PIQ
Periodontology 2000,PRD
Permafrost and Periglacial Processes,PPP
Personal Relationships,PERE
Personality and Mental Health,PMH
Personnel Psychology,PEPS
Perspectives In Psychiatric Care,PPC
Perspectives On Sexual and Reproductive Health,PSRH
Pest Management Science,PS
Pharmaceutical Statistics,PST
Pharmacoepidemiology and Drug Safety,PDS
Pharmacotherapy: The Journal of Human Pharmacology and Drug Therapy,PHAR
Philosophical Forum,PHIL
Philosophical Investigations,PHIN
Philosophical Issues,PHIS
Philosophical Perspectives,PHPE
Philosophy & Public Affairs,PAPA
Philosophy and Phenomenological Research,PHPR
Philosophy Compass,PHC3
Photochemistry and Photobiology,PHP
"Photodermatology, Photoimmunology & Photomedicine",PHPP
Phycological Research,PRE
physica status solidi (a) applications and materials science,PSSA
physica status solidi (b) basic solid state physics,PSSB
physica status solidi (RRL) rapid research letters,PSSR
Physik in unserer Zeit,PIUZ
Physiologia Plantarum,PPL
Physiological Entomology,PHEN
Physiotherapy Research International,PRI
Phytochemical Analysis,PCA
Phytotherapy Research,PTR
Pigment Cell & Melanoma Research,PCMR
Plant Biology,PLB
Plant Breeding,PBR
Plant Pathology,PPA
Plant Species Biology,PSBI
"Plant, Cell & Environment",PCE
Plasma Processes and Polymers,PPAP
PM&R,PMR
PoLAR: Political and Legal Anthropology Review,PLAR
Policy & Internet (Electronic),POI3
Policy Studies Journal,PSJ
Political Psychology,POPS
Political Science Quarterly,POLQ
Politics & Policy,POLP
Polymer Composites,PC
Polymer Crystallization,PCR2
Polymer Engineering & Science,PEN
Polymer International,PI
Polymers for Advanced Technologies,PAT
Population and Development Review,PADR
Population Ecology,POPE
"Population, Space and Place",PSP
Poverty & Public Policy (Electronic),POP4
Prenatal Diagnosis,PD
Presidential Studies Quarterly,PSQ
Proceedings in Applied Mathematics & Mechanics,2130
Proceedings of the London Mathematical Society,PLMS
Process Safety Progress,PRS
Production and Operations Management,POMS
Progress in Photovoltaics: Research and Applications,PIP
"Propellants, Explosives, Pyrotechnics",PREP
Protein Science,PRO
"Proteins: Structure, Function, and Bioinformatics",PROT
Proteomics,PMIC
PROTEOMICS - Clinical Applications,PRCA
PsyCh Journal,PCHJ
Psychiatry and Clinical Neurosciences,PCN
Psychogeriatrics,PSYG
Psychology & Marketing,MAR
"Psychology and Psychotherapy: Theory, Research and Practice",PAPT
Psychology in the Schools,PITS
Psycho-Oncology,PON
Psychophysiology,PSYP
Psychotherapy and Politics International,PPI
Public Administration,PADM
Public Administration and Development,PAD
Public Administration Review,PUAR
Public Budgeting & Finance,PBAF
Public Health Nursing,PHN
Quality and Reliability Engineering International,QRE
Quantum Engineering,QUE2
Quarterly Journal of the Royal Meteorological Society,QJ
R&D Management,RADM
Radio Science,RDS
Random Structures & Algorithms,RSA
Rapid Communications in Mass Spectrometry,RCM
Ratio,RATI
Ratio Juris,RAJU
Reading Research Quarterly,RRQ
Real Estate Economics,REEC
Regional Science Policy & Practice,RSP3
Regulation & Governance,REGO
Religion Compass,REC3
Religious Studies Review,RSR
Remediation,REM
Renaissance Studies,REST
Reproduction in Domestic Animals,RDA
Research in Nursing & Health,NUR
Research Synthesis Methods,JRSM
Resource Geology,RGE
Respirology,RESP
Restoration Ecology,REC
Review of Development Economics,RODE
Review of Education,REV3
"Review of European, Comparative & International Environmental Law",REEL
Review of Financial Economics,RFE
Review of Income and Wealth,ROIW
Review of International Economics,ROIE
Review of Policy Research,ROPR
Reviews in Aquaculture,RAQ
Reviews in Medical Virology,RMV
Reviews in Religion & Theology,RIRT
Reviews of Geophysics,ROG
Revista Internacional del Trabajo,ILRS
Revue internationale du Travail,ILRF
Risk Analysis,RISA
Risk Management and Insurance Review,RMIR
"Risk, Hazards & Crisis in Public Policy(Electronic)",RHC3
River Research and Applications,RRA
Rural Sociology,RUSO
Scandinavian Journal of Caring Sciences,SCS
Scandinavian Journal of Immunology,SJI
Scandinavian Journal of Medicine & Science in Sports,SMS
Scandinavian Journal of Psychology,SJOP
Scandinavian Journal of Statistics,SJOS
Scandinavian Political Studies,SCPS
School Science and Mathematics,SSM
Science Education,SCE
Scottish Journal of Political Economy,SJPE
Security and Privacy,SPY2
Sedimentology,SED
Seminars in Dialysis,SDI
Separation Science Plus,SSCP
"Sexuality, Gender & Policy",SGP2
Significance,SIGN
Singapore Journal of Tropical Geography,SJTG
Skin Research and Technology,SRT
Small,SMLL
Small Methods,SMTD
Social and Personality Psychology Compass,SPC3
Social Anthropology,SOCA
Social Development,SODE
Social Issues and Policy Review,SIPR
Social Policy & Administration,SPOL
Social Science Quarterly,SSQU
Sociologia Ruralis,SORU
Sociological Forum,SOCF
Sociological Inquiry,SOIN
Sociology Compass,SOC4
Sociology of Health & Illness,SHIL
"Software Testing, Verification & Reliability",STVR
Software: Practice and Experience,SPE
Soil Use and Management,SUM
Solar RRL,SOLR
Sonography,SONO
Southern Economic Journal,SOEJ
Special Care in Dentistry,SCD
Starch,STAR
Stat,STA4
Statistica Neerlandica,STAN
Statistical Analysis and Data Mining,SAM
Statistics in Medicine,SIM
Steel Construction: Design and Research,STCO
Steel Research International,SRIN
Strain,STR
Strategic Change: Briefings in EntrepreneurialFinance,JSC
Strategic Entrepreneurship Journal,SEJ
Strategic Management Journal,SMJ
Stress and Health,SMI
Structural Concrete,2084
Structural Control and Health Monitoring,STC
Studia Linguistica,STUL
Studies in Applied Mathematics,SAPM
Studies In Ethnicity and Nationalism,SENA
Studies in Family Planning,SIFP
Suicide and Life-Threatening Behavior,SLTB
Support for Learning,SUFL
Surface and Interface Analysis,SIA
Surgical Practice,ASH
Sustainable Development,SD
Swiss Political Science Review,SPSR
Symbolic Interaction,SYMB
Synapse,SYN
Syntax,SYNT
System Dynamics Review,SDR
Systematic Entomology,SYEN
Systems Engineering,SYS
Systems Research and Behavioral Science,SRES
TAXON,TAX
Teaching Statistics,TEST
Teaching Theology & Religion,TETH
Tectonics,TECT
Terra Nova,TER
TESOL Journal,TESJ
TESOL Quarterly,TESQ
The American Journal of Economics and Sociology,AJES
The American Journal on Addictions,AJAD
The Anatomical Record,AR
The Australian Economic Review,AERE
The Australian Journal of Agricultural and Resource Economics,AJAR
The Australian Journal of Anthropology,TAJA
The Breast Journal,TBJ
The British Journal of Sociology,BJOS
The Canadian Geographer/Le Geographe Canadien,CAG
The Canadian Journal of Chemical Engineering,CJCE
The Canadian Journal of Statistics/La revue canadienne de statistique,CJS
The Career Development Quarterly,CDQ
The Chemical Record,TCR
"Clinical Teacher, The",TCT
The Curriculum Journal,CURJ
The Clinical Respiratory Journal,CRJ
The Developing Economies,DEVE
The Economic History Review,HER
The Ecumenical Review,EREV
The Electronic Journal of Information Systems in Developing Countries,ISD2
The EMBO Journal,EMBJ
The FASEB Journal,FSB2
The FEBS Journal,FEBS
The Financial Review,FIRE
The Geographical Journal,GEOJ
The German Quarterly,GEQU
The Heythrop Journal,HEYJ
The Howard Journal of Crime and Justice,HOJO
The International Journal of Health Planning and Management,HPM
The International Journal of Medical Robotics and Computer Assisted Surgery,RCS
The Journal of American Culture,JACC
The Journal of Comparative Neurology,CNE
The Journal of Competency-Based Education,CBE2
The Journal of Creative Behavior,JOCB
The Journal of Dermatology,JDE
The Journal of Finance,JOFI
The Journal of Financial Research,JFIR
The Journal of Futures Markets,FUT
The Journal of Gene Medicine,JGM
The Journal of Humanistic Counseling,JOHC
The Journal of Industrial Economics,JOIE
The Journal of Pathology,PATH
The Journal of Physiology,TJP
The Journal of Political Philosophy,JOPP
The Journal of Popular Culture,JPCU
The Journal of Rural Health,JRH
The Journal of Wildlife Management,JWMG
The Journal of World Intellectual Property,JWIP
The Laryngoscope,LARY
The Manchester School,MANC
The Milbank Quarterly,MILQ
The Modern Language Journal,MODL
The Muslim World,MUWO
The Obstetrician & Gynaecologist,TOG
The Photogrammetric Record,PHOR
The Plant Journal,TPJ
The Political Quarterly,POQU
The Prostate,PROS
The RAND Journal of Economics,RAND
The Reading Teacher,TRTR
The Russian Review,RUSS
The Scandinavian Journal of Economics,SJOE
The South African Journal of Economics,SAJE
The Southern Journal of Philosophy,SJP
The Structural Design of Tall and Special Buildings,TAL
The World Economy,TWEC
Theoria,THEO
Therapeutic Apheresis and Dialysis,TAP
Thought: A Journal of Philosophy,THT3
Thunderbird International Business Review,TIE
Tijdschrift voor Economische en Sociale Geografie,TESG
Topics in Cognitive Science,TOPS
Traditional & Kampo Medicine,TKM2
Traffic,TRA
Transactions in GIS,TGIS
Transactions of the American Fisheries Society,TAFS
Transactions of the Institute of British Geographers,TRAN
Transactions of the Philological Society,TRPS
Transactions on Emerging Telecommunications Technologies,ETT
Transboundary and Emerging Diseases,TBED
Transforming Anthropology,TRAA
Transfusion,TRF
Transfusion Medicine,TME
Translational Sports Medicine,TSM2
Transplant Infectious Disease,TID
Tropical Medicine & International Health,TMI
Ultrasound in Obstetrics & Gynecology,UOG
Vakuum in Forschung und Praxis,VIPR
Veterinary and Comparative Oncology,VCO
Veterinary Clinical Pathology,VCP
Veterinary Dermatology,VDE
Veterinary Ophthalmology,VOP
Veterinary Radiology & Ultrasound,VRU
Veterinary Surgery,VSU
Vietnam Journal of Chemistry,VJCH
Visual Anthropology Review,VAR
Vox Sanguinis,VOX
Water and Environment Journal,WEJ
Water Environment Research,WER
Water Resources Research,WRCR
Weather,WEA
Weed Biology and Management,WBM
Weed Research,WRE
Wildlife Monographs,WMON
Wildlife Society Bulletin,WSB
Wiley Interdisciplinary Reviews - Cognitive Science,WCS
Wiley Interdisciplinary Reviews - Nanomedicine and Nanobiotechnology,WNAN
Wiley Interdisciplinary Reviews: Computational Molecular Science,WCMS
Wiley Interdisciplinary Reviews: Computational Statistics,WICS
Wiley Interdisciplinary Reviews: Data Mining and Knowledge Discovery,WIDM
Wiley Interdisciplinary Reviews: Developmental Biology,WDEV
Wiley Interdisciplinary Reviews: Energy and Environment,WENE
Wiley Interdisciplinary Reviews: Forensic Science,WFS2
Wiley Interdisciplinary Reviews: RNA,WRNA
Wiley Interdisciplinary Reviews: Systems Biology and Medicine,WSBM
Wiley Interdisciplinary Reviews: Water,WAT2
WIREs Climate Change,WCC
World Englishes,WENG
World Food Policy,WFP2
World Medical & Health Policy (Electronic),WMH3
World Water Policy,WWP2
Worldviews on Evidence-Based Nursing,WVN
Wound Repair and Regeneration,WRR
Xenotransplantation,XEN
X-Ray Spectrometry,XRS
Yeast,YEA
ZAMM - Journal of Applied Mathematics and Mechanics,ZAMM
Zeitschrift für anorganische und allgemeine Chemie,ZAAC
Zoo Biology,ZOO
Zoologica Scripta,ZSC
Zoonoses and Public Health,ZPH
Zygon® Journal of Religion and Science,ZYGO
Comprehensive Reviews in Food Science and Food Safety,CRF3
Leader to Leader,LTL
Advances in Digestive Medicine,AID2
Agronomy Journal,AGJ2
British Journal of Radiology,BJR
c/e papers,C/E
Crop Science,CSC2
Crops & Soils,CRSO
CSA News,CSAN
Current Protocols,CPZ1
DentoMaxilloFacial Radiology,DMFR
Educational Measurement: Issues and Practices,EMIP
JFSA Reports,JFSA
Journal of Educational Measurement,JEDM
Journal of Environmental Quality,JEQ2
Journal of Plant Registrations,PLR2
Small Structures,E506
Soil Science Society of America Journal,SAJ2
Veterinary Record Case Reports,VRC2
Veterinary Record,VETR
Advanced Biology,E771
